지역명,거래년월,거래건수,거래액(억원),평균면적(㎡),평균가격(만원)
강남구,2023-01,365,2173.377782522145,75.10158236949059,65207.000236770786
강남구,2023-02,266,2284.85528025022,45.52558066879278,86859.80584985521
강남구,2023-03,128,2503.030597111612,91.71424921311194,23239.219302284684
강남구,2023-04,45,2378.748219409774,101.06640537348333,59096.33353700533
강남구,2023-05,84,2326.528449929025,46.69657453450914,93162.07628563202
강남구,2023-06,271,2625.901354094902,40.097839311066025,75099.18732954715
강남구,2023-07,196,198.0456065422487,43.370972858364496,10185.649120237224
강남구,2023-08,289,1321.4130938933174,52.86976742045667,14176.48525588247
강남구,2023-09,231,1848.04900768978,69.351721351312,62627.893493983385
강남구,2023-10,70,493.0500761995945,49.767604442729436,39134.50786014174
강남구,2023-11,274,1438.6671295452888,60.56389851198357,64088.064419032475
강남구,2023-12,375,2766.5043063911585,61.20490467085322,28401.430489507577
강남구,2024-01,161,1629.6167382719123,94.15979907870557,69235.3396296177
강남구,2024-02,377,2753.752867129501,103.21068555321382,79313.41087953596
강남구,2024-03,243,874.8857746359657,107.79282739256364,18574.044417611978
강남구,2024-04,302,911.873222923101,84.80902764805086,46783.51390382004
강남구,2024-05,134,1433.4435859896246,84.28579450236734,44464.753216652236
강남구,2024-06,200,1102.1382728662345,108.51690041460596,79922.09773886656
강남구,2024-07,90,1983.501241472071,82.82906254584289,10604.661661024733
강남구,2024-08,248,177.68313682505672,48.07429412715392,92927.61406507595
강남구,2024-09,379,467.81145202112106,83.37532256630706,90350.47028765899
강남구,2024-10,316,2574.9596264129086,108.95615038834804,40319.63217708792
강남구,2024-11,138,2460.019935674971,72.84362881598739,43241.40405322357
강동구,2023-01,199,203.813576414951,89.37686866335444,12237.089831431229
강동구,2023-02,393,2160.156999059474,70.63847480717155,23937.569772658306
강동구,2023-03,96,1517.1531229525476,85.41129638158274,19625.188691760108
강동구,2023-04,240,2931.855093426872,67.0166567054646,49840.52176540654
강동구,2023-05,142,857.5693795144145,108.124015032451,15037.780573339276
강동구,2023-06,281,2602.767209432888,55.344271805536486,22079.66027610752
강동구,2023-07,112,676.7940541464324,76.22315145092529,22172.07023746904
강동구,2023-08,32,181.81969030701043,77.35574053466584,36399.44743145927
강동구,2023-09,351,2474.604074199582,89.1538496967359,32838.20590291299
강동구,2023-10,45,1018.4138867001419,74.58296839553627,55869.823780560655
강동구,2023-11,59,2512.998904865107,75.48373974839926,27138.81257289473
강동구,2023-12,71,1088.1688266348085,104.14267889352158,31028.273404591524
강동구,2024-01,217,2683.5890131920623,69.10158993817188,64330.41951855933
강동구,2024-02,320,129.70012087264305,61.25545291250437,91292.14052278994
강동구,2024-03,392,2148.4901848131112,51.20096449228019,69445.30213406996
강동구,2024-04,241,1539.8385997044618,63.43496588817098,97736.44347335932
강동구,2024-05,177,2093.220600328938,54.506375422105194,31973.434328722415
강동구,2024-06,320,618.6988175453969,108.16071148577949,75232.20852974096
강동구,2024-07,294,1314.0474540901623,95.28622966236455,11571.65733515799
강동구,2024-08,240,2432.7478244484373,64.30381574448735,16135.097300382895
강동구,2024-09,207,2114.1054614863524,98.11553047527696,56416.769531353086
강동구,2024-10,134,2894.052106042539,51.20941365300348,74685.08513063693
강동구,2024-11,181,1850.70042969497,119.54921983581704,11580.11163156009
강북구,2023-01,180,1911.2443534840904,71.85646055721773,8928.334806710121
강북구,2023-02,379,486.0582780744402,68.304312481709,9996.73443860417
강북구,2023-03,163,1030.1049311493682,99.28228989694372,74270.28350305656
강북구,2023-04,320,2407.099564450407,72.31340870734704,76957.64466314358
강북구,2023-05,375,394.67640833641514,100.94018128288138,14368.711867296526
강북구,2023-06,324,1438.5801847112093,61.945942958272454,22584.70802349923
강북구,2023-07,386,962.7101281991249,96.42956897993682,37365.96712468765
강북구,2023-08,137,2434.07687519497,91.31976653641244,8855.063320994268
강북구,2023-09,335,1671.9952365820106,66.31691228655069,16592.713257281852
강북구,2023-10,71,1449.7977707050504,118.30309751993892,28453.401586197942
강북구,2023-11,395,696.7377480873208,99.2826481765889,72182.54246074577
강북구,2023-12,152,1888.7440736104559,87.3322528266668,43675.51796982902
강북구,2024-01,378,2772.7723623372326,109.37188427717258,43638.76506589566
강북구,2024-02,212,2599.045717344732,80.45462446616442,55383.90593088585
강북구,2024-03,98,1757.392202694358,57.73316173462308,66580.11064395955
강북구,2024-04,212,1475.8909573503888,99.83282219787986,43472.32461013007
강북구,2024-05,101,2621.322778578435,101.19667159191054,25774.830737800858
강북구,2024-06,290,1635.3844175274467,68.0270608738501,47347.193164532095
강북구,2024-07,188,1268.3969694228017,109.12902460190067,14104.631761199022
강북구,2024-08,93,411.0106014343245,80.44762016041852,29606.116802431603
강북구,2024-09,115,853.1394541929395,82.54885779544625,31482.84602646966
강북구,2024-10,322,1349.2026695437796,49.588479905804576,16413.42992234189
강북구,2024-11,327,2970.8079200549764,98.80290532993533,38782.84897971881
강서구,2023-01,195,1814.5163181009486,78.18381054912057,10658.543457341322
강서구,2023-02,381,2962.555153756079,66.09936819993095,33680.027131122064
강서구,2023-03,72,440.5065295286613,114.6822002700187,79051.27072598149
강서구,2023-04,322,342.2880990212399,41.53396330030276,40703.96366158918
강서구,2023-05,133,1513.834719059816,99.0921514248472,68704.23062898041
강서구,2023-06,196,2905.7473341020777,98.2707547482776,91888.277672237
강서구,2023-07,61,2287.2730655189966,65.3443125473278,16350.316016436585
강서구,2023-08,178,901.2332693558931,83.84636663486896,91249.54090110086
강서구,2023-09,66,737.9216982257415,77.63372688213288,89794.03935283227
강서구,2023-10,356,934.8230351599351,108.23905024412309,37229.34636824896
강서구,2023-11,36,879.8688017442695,75.37147373588623,14082.944223310382
강서구,2023-12,49,2681.411930139296,105.40498023008998,19947.534703289362
강서구,2024-01,154,1363.4471817928058,94.53096237611254,99283.55063074446
강서구,2024-02,32,1318.2760330128108,83.60267929302395,48646.670842663094
강서구,2024-03,189,375.36785070214444,118.45019131405768,85875.26729863808
강서구,2024-04,184,1299.0012716510432,52.4448160361261,66094.19799702906
강서구,2024-05,32,2226.338823223831,106.60066228799683,98951.68705041315
강서구,2024-06,315,1733.1085199605575,83.50861677486878,77162.60280045468
강서구,2024-07,209,1157.955538790267,61.49180044429802,21474.00019199729
강서구,2024-08,110,2963.131649191563,66.39256354804925,48802.76800036105
강서구,2024-09,257,2204.541778397921,72.84363869139027,16747.67360704603
강서구,2024-10,272,1578.426399846852,98.63609224841029,53762.50499292616
강서구,2024-11,356,2466.5051270191534,78.15682929846326,12127.693966449013
관악구,2023-01,323,541.1460866682423,94.90230930557715,33443.90182241042
관악구,2023-02,398,449.9910895614444,84.7393375376052,52740.827263628744
관악구,2023-03,229,767.6839745986364,87.36965756851328,19298.245702355038
관악구,2023-04,316,2133.4698980753906,89.69805476019998,58442.00161421305
관악구,2023-05,142,2541.185924493573,95.65703343432403,73463.96975639151
관악구,2023-06,307,476.1052432466178,94.37780894902507,57208.21920389108
관악구,2023-07,351,380.8539002805987,57.99096077436441,96479.6031737545
관악구,2023-08,68,1337.986150224322,88.10160304421859,74428.42470584415
관악구,2023-09,86,364.42255840037996,56.63689055233626,65815.18077032166
관악구,2023-10,277,1978.2348704150227,48.006471592277606,8978.253211285199
관악구,2023-11,291,2665.7511443203384,54.887182513491915,40790.75524907877
관악구,2023-12,204,1156.16323914909,72.97801085988739,35326.17015556303
관악구,2024-01,54,1794.2772941566225,99.22946942375833,66228.17245286144
관악구,2024-02,111,211.6952176893823,71.7126802639539,91428.12692863288
관악구,2024-03,315,2399.9776259194005,114.50521013184176,78582.39816985822
관악구,2024-04,161,430.38266352461915,114.67355281114234,57108.47550121314
관악구,2024-05,106,1911.3326949561288,92.57957171895436,71162.60381469283
관악구,2024-06,265,2597.6256960026917,82.88801780673752,6875.561050300351
관악구,2024-07,350,2112.3940296332075,84.6528791325798,70881.47845475234
관악구,2024-08,374,1140.9054193888442,65.50933385964467,84766.70440267402
관악구,2024-09,343,1260.301700273103,93.15906477316479,42472.32081800427
관악구,2024-10,306,2974.5243544128457,82.84595737884598,98914.59961889815
관악구,2024-11,232,1278.8049217320577,81.44601213691601,72868.33144964378
광진구,2023-01,47,1164.4534385085938,46.14421420826343,57435.08595966025
광진구,2023-02,178,2640.232009855202,114.75950207666409,13501.298369658989
광진구,2023-03,253,851.6221409624663,46.480075950571006,96064.56381224081
광진구,2023-04,182,2919.7194725770664,91.27683195643016,6063.907744379951
광진구,2023-05,396,2041.740611684489,43.68919912058119,24294.017999639367
광진구,2023-06,127,1499.7000562590151,53.52573911310229,45053.905798320564
광진구,2023-07,244,1664.565898506304,113.9003039168528,91400.5516103433
광진구,2023-08,290,940.6922120007124,69.14070912552421,10250.504939500806
광진구,2023-09,86,171.2867406955619,94.24550228956923,5255.403595428873
광진구,2023-10,340,166.76771728608153,86.47920861995775,28211.981786167235
광진구,2023-11,214,1258.4529415508966,44.075896928236645,76288.9665154814
광진구,2023-12,247,1700.6041902755046,100.24097568247794,79523.55635982208
광진구,2024-01,288,912.8108943703771,54.05328934356258,10133.67448292463
광진구,2024-02,382,375.03537181331797,58.36066732047854,66463.59394091359
광진구,2024-03,226,1938.6436018740187,101.76818199426256,6661.874981433532
광진구,2024-04,268,874.5061203979153,119.32725853431238,19908.985014414946
광진구,2024-05,307,158.55262140241496,47.63029588049483,31732.190375441834
광진구,2024-06,62,804.8141905050452,46.02109078530895,9061.742624591663
광진구,2024-07,364,2486.294249574772,48.060927565070976,7393.1748558315885
광진구,2024-08,240,2006.434465289834,79.05015627762891,46365.057483032884
광진구,2024-09,268,1670.282870776504,53.97472725035912,84890.6199903508
광진구,2024-10,314,2959.9167687273675,70.78862383153523,29985.460177564713
광진구,2024-11,309,1515.0141242556351,105.48173709026005,8425.082890673606
구로구,2023-01,315,493.58559892626926,41.205801032047816,61572.57588855002
구로구,2023-02,360,1978.2470148571153,116.36674670564125,64132.413659429425
구로구,2023-03,56,1097.0430984205823,113.20632566399,15693.849079576434
구로구,2023-04,164,1370.2460574654233,92.37408676928897,74685.74161040207
구로구,2023-05,141,194.32103723391143,76.37222814520396,14448.046616199908
구로구,2023-06,338,327.04375830102583,79.85051640954734,77707.65679111211
구로구,2023-07,318,1708.3423052740739,77.29820402136767,34098.79136062409
구로구,2023-08,234,1362.5881558821768,95.46372777760072,20162.82379098607
구로구,2023-09,134,2405.3852932130453,93.60981543622916,30294.084724955643
구로구,2023-10,170,447.27399675577755,60.25020857154558,84909.42489070205
구로구,2023-11,134,2971.100793457398,58.81946334823457,30389.403569802915
구로구,2023-12,214,2828.6712466184485,107.31468717080175,80081.42212143056
구로구,2024-01,339,1731.9923546726448,79.38728493462257,95841.91238939993
구로구,2024-02,179,2356.113607041356,115.54121357610848,90306.81676641625
구로구,2024-03,373,872.4290977387027,100.58826893544875,83178.81803992623
구로구,2024-04,46,2866.464173037199,52.92773037686621,77335.1810090819
구로구,2024-05,178,236.80409074364857,56.400948602985906,47217.16764051517
구로구,2024-06,375,1838.7667548278687,49.22623457320959,82418.73792921432
구로구,2024-07,263,2457.860734854847,58.92572218286289,26817.039465577654
구로구,2024-08,257,1153.285365818832,114.93741572381013,80651.22914339577
구로구,2024-09,104,1731.3943574858508,59.44929763760784,26570.085097086238
구로구,2024-10,82,2825.7734885781997,103.84980179762064,86009.25716211721
구로구,2024-11,124,2452.8747466540226,68.06956027838888,24856.671509535874
금천구,2023-01,216,951.1901358483286,51.50122469109469,76254.6197500557
금천구,2023-02,69,1111.8214259375704,63.86222324334214,64214.788892206845
금천구,2023-03,81,338.11409295308954,55.64490869932007,50149.64093400915
금천구,2023-04,366,2855.350679105646,40.33297519379999,37093.62477093231
금천구,2023-05,255,2565.7214222987323,110.92145906372934,54238.33695019317
금천구,2023-06,132,2139.7449159759963,79.96591543427394,39562.0829039576
금천구,2023-07,242,204.6126108791267,72.15374562863373,65998.4114084157
금천구,2023-08,308,1529.0952744345418,82.00199819405559,68904.0562097929
금천구,2023-09,305,2678.7361887409784,96.4551843541681,79624.90328782443
금천구,2023-10,59,1513.8910462292336,89.92687962569491,49755.05026232524
금천구,2023-11,72,1938.0060742859341,53.98920177701391,77473.43006020365
금천구,2023-12,73,501.72739298313604,69.88772151309587,92272.37802008248
금천구,2024-01,187,1546.6433638134865,45.01492059212778,13587.144247809603
금천구,2024-02,146,950.8509951018472,58.83053433485047,42054.701208220555
금천구,2024-03,272,655.9736205024321,75.65787508987579,50761.36210305317
금천구,2024-04,112,2227.509379984551,51.90655292251502,38172.84562367549
금천구,2024-05,263,2291.79535696669,96.24259131405589,71570.2032128144
금천구,2024-06,210,2275.612982020649,102.40416391487001,31355.20070023401
금천구,2024-07,297,556.4204310525603,45.43314072668538,30194.502414172195
금천구,2024-08,294,659.5683418797463,43.971273729305494,88208.7652458251
금천구,2024-09,79,195.08814373152182,111.30415008449793,78203.22213175468
금천구,2024-10,220,939.2705589442419,55.07415132453956,82328.27823324074
금천구,2024-11,220,1971.5522733147548,94.88686564186311,36046.83237099982
노원구,2023-01,224,1924.0351747641705,115.65318107438907,42497.39549449494
노원구,2023-02,162,390.9005859866761,65.41384955782947,89693.1174586828
노원구,2023-03,50,2553.9264974997473,93.94263860797805,56007.74194380532
노원구,2023-04,317,587.3432609208187,85.78577139569914,47871.30242807942
노원구,2023-05,258,1709.472955003858,59.43388454614777,18088.366889485616
노원구,2023-06,30,2056.3500083639997,60.68857778769387,97181.3097465789
노원구,2023-07,301,2075.5676495417247,64.33015478594893,94207.87325815065
노원구,2023-08,168,2466.571763939819,115.93815067416918,25174.744566123798
노원구,2023-09,206,383.13837331746214,50.95756852472968,31976.073040765143
노원구,2023-10,364,260.1377132151711,86.43390793480414,43942.03257325638
노원구,2023-11,254,2245.221079189585,112.55832105954491,93085.97541471434
노원구,2023-12,107,344.5506096265236,83.79793643748101,34066.45429047666
노원구,2024-01,138,1815.3969239440107,62.80520866820275,55218.714720450036
노원구,2024-02,215,1188.0010530919478,59.54312557113309,6118.322211849641
노원구,2024-03,319,2181.8832337413464,83.67305927164385,26368.54821492438
노원구,2024-04,349,1517.488073580639,50.269692247772895,29358.361616298804
노원구,2024-05,56,502.5393835783088,85.63323049664896,57550.8701538525
노원구,2024-06,252,1762.9982258391758,58.55001356563978,23345.33275310221
노원구,2024-07,290,1722.510147116883,114.6942869077463,54208.381996572934
노원구,2024-08,143,681.2628873402094,71.29113826634574,51505.50570224791
노원구,2024-09,298,2805.9943131456753,57.862592158443,16538.48355891837
노원구,2024-10,40,1773.041319260151,62.771785156917815,46078.02092752083
노원구,2024-11,111,2864.7716225475574,114.39381886783303,87733.39221226775
도봉구,2023-01,233,2542.317390597047,90.24468472228853,24512.500235090356
도봉구,2023-02,252,1277.6754857989213,63.37316565857671,88437.76054749174
도봉구,2023-03,31,1793.4924141070424,118.69869044990752,46703.78679522695
도봉구,2023-04,331,1889.0689520047536,115.90924495937723,17287.40762047055
도봉구,2023-05,173,1626.1764419624653,118.27260223680457,65726.25585734146
도봉구,2023-06,254,2524.709239340751,66.87759260694477,9494.146661074004
도봉구,2023-07,312,126.07726808557408,83.4917837892556,27941.465530652884
도봉구,2023-08,365,827.696830575772,93.02849239199631,37787.360189607745
도봉구,2023-09,55,627.2630283715265,80.2177379307085,60030.81130093425
도봉구,2023-10,165,1991.8071336144656,99.21902665697348,35727.57863763484
도봉구,2023-11,297,517.9497743354518,102.4346765191076,44527.233316933394
도봉구,2023-12,239,2457.5822481034907,94.11891937021319,97179.02057484555
도봉구,2024-01,127,481.6310326398681,66.62492833451935,42124.816112337634
도봉구,2024-02,160,2809.9588229990495,97.70734632176678,95812.05853143617
도봉구,2024-03,55,826.47869131096,73.9856128078503,62284.42942563769
도봉구,2024-04,125,2084.03470069522,55.09758391849208,66572.01906066932
도봉구,2024-05,183,2947.494563576447,80.79724376526957,8653.22339934915
도봉구,2024-06,150,2699.5490354329872,87.75031147143622,23901.651980037714
도봉구,2024-07,393,264.9053064822142,41.88331101970127,50561.52526591452
도봉구,2024-08,93,2220.2523337376156,45.19860561675287,86155.37758347722
도봉구,2024-09,384,2591.461711929354,65.5758699517754,7599.580327847983
도봉구,2024-10,338,258.3796540904701,53.280041652015655,46725.277249529165
도봉구,2024-11,295,558.6742904170059,55.662319722491716,36261.885735830605
동대문구,2023-01,299,1527.7149968878052,68.81993973676487,48828.59601218815
동대문구,2023-02,314,2367.4930948489164,40.74618899238839,46150.0649692351
동대문구,2023-03,301,1982.3774262817867,117.56548292170238,5424.548913269259
동대문구,2023-04,202,1965.5558910693733,92.92745868206484,80690.65407550013
동대문구,2023-05,118,1763.0301172541604,47.784946175307034,18356.541692279054
동대문구,2023-06,159,764.3848711882755,85.5230092905947,45667.64868548405
동대문구,2023-07,244,1274.1295306548918,77.29609354210892,75051.22766927141
동대문구,2023-08,198,1180.7469684273533,58.11762592170277,54010.02034482328
동대문구,2023-09,314,1769.4284141141627,117.61117145559963,6466.561365927744
동대문구,2023-10,49,2105.0862344401985,106.61392137527987,36820.47493790825
동대문구,2023-11,96,402.4122402911545,47.317102408796224,98622.09328810328
동대문구,2023-12,189,2086.0385240774785,99.82505853990267,11033.527528380368
동대문구,2024-01,343,1123.5312179967264,111.57496289889454,69890.32583837517
동대문구,2024-02,286,2192.318888938576,68.2309192552304,11703.788788374175
동대문구,2024-03,100,591.2671777361625,62.88591643479854,59363.97694439562
동대문구,2024-04,224,2180.6768252525194,62.106438210903534,12689.861998995593
동대문구,2024-05,59,205.47711148324382,80.00969153479843,24349.488959671027
동대문구,2024-06,232,1441.3116454976223,78.27661942345046,64609.9030011478
동대문구,2024-07,339,742.6690091875524,65.10644048356126,14247.934422173767
동대문구,2024-08,42,2546.4561519537074,111.14889241173044,18029.72753258373
동대문구,2024-09,136,2431.6021480931217,44.94308669905963,15110.01625749752
동대문구,2024-10,231,1351.2639212301247,68.31111653722553,20696.829192944577
동대문구,2024-11,143,2850.734565349699,50.94973764609171,99954.63055198595
동작구,2023-01,88,1512.2749342077889,42.94587204303614,62026.712321563784
동작구,2023-02,393,2357.974064609182,88.19627738840887,31557.33702239616
동작구,2023-03,240,766.7237912674742,77.07717108954242,96379.29712821983
동작구,2023-04,180,1681.63668907059,114.47879012070042,8259.334884741276
동작구,2023-05,147,865.3980320582159,100.55393253299333,71321.32835216781
동작구,2023-06,197,2988.4478071608,86.40762365674163,51733.32564041769
동작구,2023-07,259,2131.9834167484514,76.66856221299642,67612.29401250448
동작구,2023-08,180,1822.7372279098743,61.43074441265233,7672.449183694782
동작구,2023-09,363,2562.239838476713,56.23757741444487,10806.390552950006
동작구,2023-10,232,222.66375146072426,57.0792597288786,54988.88585451025
동작구,2023-11,246,2700.6657136625813,90.24405236940049,96842.07587294315
동작구,2023-12,123,1027.0982357144412,59.37365122697984,19763.27073376345
동작구,2024-01,304,2484.788460949432,62.69177600433682,59935.758765804145
동작구,2024-02,288,2235.3634931581423,63.05172687855795,61309.23454151812
동작구,2024-03,194,2048.166133950965,54.027118882980936,31857.580123560958
동작구,2024-04,39,448.7341997836915,66.40351538404607,6618.5058596310155
동작구,2024-05,154,353.65446136482126,66.9644791946491,70237.07883035595
동작구,2024-06,99,442.6252060606429,99.61788393012117,92558.1526780543
동작구,2024-07,268,838.2963108405291,63.95199208767018,65827.92211035317
동작구,2024-08,308,2983.153986336495,98.85487833872295,25380.37174288954
동작구,2024-09,300,1439.7036186286477,65.34753811962597,68352.75119462144
동작구,2024-10,78,1993.0817458366273,104.6254928457582,77428.38603510753
동작구,2024-11,381,621.3018642281934,98.96506412687631,95734.48055596661
마포구,2023-01,84,2466.9944863200158,63.23871834213246,30031.810746561074
마포구,2023-02,35,2653.4968951773967,57.14952775266181,60830.453455972485
마포구,2023-03,273,1090.5507496670975,79.31110527979622,92942.80919573348
마포구,2023-04,234,797.8056522341752,116.39046563060697,51807.92420595329
마포구,2023-05,68,1212.1260578623321,114.49463420328642,25380.904455962926
마포구,2023-06,340,1668.8007171669378,59.21546680742955,62267.63317760124
마포구,2023-07,40,558.0358242665702,110.78341501995703,69373.93388147798
마포구,2023-08,97,1894.818074922958,77.95871780209332,14183.881204447065
마포구,2023-09,95,485.181613206185,83.14118931953573,76069.68598848842
마포구,2023-10,184,214.74947221323782,42.545499024716385,84996.57147092251
마포구,2023-11,307,592.8284957011429,111.15136618442388,20285.058825144784
마포구,2023-12,316,1185.071936565994,76.16866438158749,12210.096413824274
마포구,2024-01,127,2010.0131414111386,68.7595719378162,38983.37335607389
마포구,2024-02,202,2224.246181529934,102.46786530413797,52084.851199495715
마포구,2024-03,301,2123.0184404977713,102.21781976045841,83601.38644279439
마포구,2024-04,236,1524.1584826738379,76.47686009626052,78934.94689058716
마포구,2024-05,143,2043.0290695996453,72.12538583199915,27890.239219822997
마포구,2024-06,61,673.2659066998516,58.47335948660766,99861.83710598254
마포구,2024-07,338,1147.9488076396542,85.79623241172001,95094.29485342087
마포구,2024-08,399,467.1858060253255,66.7161215319667,11457.200938007521
마포구,2024-09,130,2422.159857204092,57.68087912175137,36604.07063609153
마포구,2024-10,158,606.3391838827044,92.00676891585246,95890.49362818692
마포구,2024-11,309,109.8320985133055,110.58452892436091,72049.08574955295
서대문구,2023-01,324,1010.0854898591248,49.401184986552366,74331.99729073665
서대문구,2023-02,290,180.3197022312454,103.53397190559446,85735.15453083366
서대문구,2023-03,210,1802.942972101858,95.51473152303947,62345.68513667056
서대문구,2023-04,226,2669.355988605384,101.3273906377969,22286.440306832104
서대문구,2023-05,132,2374.7838152429435,105.85420640485208,64736.25975224715
서대문구,2023-06,207,187.00320501659675,92.46394835273372,94600.458486307
서대문구,2023-07,126,884.2670859226971,96.28845941580519,87769.10378395484
서대문구,2023-08,392,729.0050492069026,52.18072712936484,16398.10864213563
서대문구,2023-09,187,306.82014695731783,68.75056712820783,46811.948620615454
서대문구,2023-10,378,2532.005974745415,91.90706876754048,74602.50210657646
서대문구,2023-11,31,794.3211555539324,69.52688394474559,16243.399714638826
서대문구,2023-12,259,1937.1072298550303,51.28361091309172,98835.03515288113
서대문구,2024-01,126,1491.2549701209766,91.61554688845014,9206.382605134882
서대문구,2024-02,146,2053.4362133431887,88.70864714194684,99678.9016637532
서대문구,2024-03,80,2062.972679393857,40.05640094689218,96114.98374757043
서대문구,2024-04,258,2611.1906485336413,96.2016260061426,16590.399336231367
서대문구,2024-05,279,2974.7876365209663,42.876586850168266,16451.824351888165
서대문구,2024-06,73,1363.9964958451146,100.83104820159168,93675.10840258191
서대문구,2024-07,258,928.8688390880166,78.61211851641576,72155.46460856222
서대문구,2024-08,78,572.5012206705021,67.37084519278298,39526.79787683879
서대문구,2024-09,191,2484.0679610744555,111.8767933330836,56889.437335834584
서대문구,2024-10,335,451.75744010198133,90.80479840506484,24226.486099075504
서대문구,2024-11,142,2547.491030899773,88.40968947626304,86593.46351869896
서초구,2023-01,270,2338.0528518428855,63.544412072887894,52790.58508634524
서초구,2023-02,274,911.273081322849,87.61334510668476,59507.80597889289
서초구,2023-03,317,2213.97229990959,90.20936014679263,10385.114293982395
서초구,2023-04,271,884.5279697496863,109.1180520077155,38990.21037323701
서초구,2023-05,49,2472.1813323799265,77.20558989701536,66459.09148182232
서초구,2023-06,202,2256.6683347953535,60.33409400915982,73338.81162813948
서초구,2023-07,169,280.3815997711289,99.00607245783287,39997.830327376854
서초구,2023-08,166,2453.3324186879595,105.09541093520531,70683.22510490887
서초구,2023-09,219,969.576827831281,91.89629213173467,71591.5140355478
서초구,2023-10,243,1826.675277585482,87.06270915091585,19070.16020806151
서초구,2023-11,75,929.1742490663962,85.63316668127612,23369.091231106806
서초구,2023-12,174,402.58574759980365,65.55926439317888,67432.792821111
서초구,2024-01,379,2565.122187385149,82.39564752559986,26680.154942331705
서초구,2024-02,80,1594.1407413436932,58.19086430362987,21972.36513638215
서초구,2024-03,192,1457.2952138080304,92.09664725888403,87976.06633301104
서초구,2024-04,60,1459.7789540005713,44.99689506818469,92463.43071223146
서초구,2024-05,334,2892.2366793134506,61.98250356694583,78797.40350203545
서초구,2024-06,337,355.3073821981134,116.52249063721018,80429.33015914318
서초구,2024-07,126,2565.556281679292,62.59092128990516,41954.621188738296
서초구,2024-08,137,1344.2863786244725,96.94203764814225,22745.32047615032
서초구,2024-09,133,1318.0038048271172,111.16234720909597,89124.62960446802
서초구,2024-10,62,1067.7846869526147,95.89202041775827,79805.94202761533
서초구,2024-11,261,1133.6668168802312,80.7633394657866,60355.6955208013
성동구,2023-01,87,431.9556465591977,94.73068519652168,77701.19965854615
성동구,2023-02,374,1957.2533546762736,74.82969609140919,86731.24469678114
성동구,2023-03,138,462.8015469370524,78.85338309176936,84092.0316689415
성동구,2023-04,120,1141.7428534800192,57.64147747218025,51718.00497561188
성동구,2023-05,63,1428.2385720872508,55.29245857885385,22810.055601256558
성동구,2023-06,290,1223.5507738995911,82.6023438998119,35441.85919819507
성동구,2023-07,374,788.4478668665421,50.73791228303847,48305.77543051814
성동구,2023-08,49,1255.1747101253957,90.49469293733532,64731.984175156314
성동구,2023-09,248,626.7071552899823,86.55309188856195,96818.96014893652
성동구,2023-10,193,510.40584370696257,47.85408393416475,27204.00589873963
성동구,2023-11,359,987.9464232783412,106.77677675861393,51837.628886272425
성동구,2023-12,202,313.9152642755006,85.14590628448892,54424.67660960992
성동구,2024-01,296,1596.1359107690985,99.36311110952656,59730.83365497759
성동구,2024-02,301,2216.5301765283784,101.0189974157638,27564.262321119728
성동구,2024-03,203,2620.5579512329195,70.31821660480762,69973.96672096051
성동구,2024-04,118,1018.720996581554,110.5991504277617,27496.30615808151
성동구,2024-05,335,774.0539801925672,66.89934391133592,8265.794920868993
성동구,2024-06,124,2478.037020369736,81.65575800664502,54009.52935273534
성동구,2024-07,249,2132.3090456374744,93.88802930105604,98184.35324163323
성동구,2024-08,153,1028.013107165201,103.09025543932329,38983.191173383544
성동구,2024-09,223,2297.400823658672,48.26027045347245,50611.8492959825
성동구,2024-10,249,2428.512379001044,79.28602835016714,48530.660911217106
성동구,2024-11,399,1984.6211911361852,63.11155083355317,50248.46118931304
성북구,2023-01,279,1324.518469622536,115.26184932910058,7917.085171151313
성북구,2023-02,265,1254.1889673980666,103.10775193052928,25001.831366497892
성북구,2023-03,295,1748.3349648357557,40.32226157617548,6655.418881345504
성북구,2023-04,64,1932.0901583660468,55.69365175238222,74971.8204527482
성북구,2023-05,351,1004.4481255652744,59.12567488030273,83167.06195686551
성북구,2023-06,214,258.14024036487183,44.95484705646664,93388.46439167883
성북구,2023-07,348,352.19955999683395,118.38071152128083,30723.510631518904
성북구,2023-08,330,1878.3463470856816,105.01920356217484,8246.378074011747
성북구,2023-09,144,224.60106902167752,76.11784631458465,57092.93983098502
성북구,2023-10,399,799.8584740572915,103.15680681918808,95914.87909336128
성북구,2023-11,180,994.4866699587236,84.11816393526176,5029.546190236079
성북구,2023-12,234,575.2352462997084,96.90884726205277,26003.50987519309
성북구,2024-01,47,244.01829844835018,73.41300661911286,11629.59998335374
성북구,2024-02,59,2856.0583391910895,98.77899585807216,76781.95432244735
성북구,2024-03,305,2210.3396347030184,61.18927859594549,52961.67634239133
성북구,2024-04,33,555.548557310931,62.553700036159356,90364.41357735147
성북구,2024-05,358,1252.2396879940839,62.7711029739093,23965.406364046794
성북구,2024-06,90,337.0602782114874,83.22553123225784,6864.2898573397715
성북구,2024-07,188,1609.4444804100508,62.3755242256247,37755.5552476532
성북구,2024-08,343,402.7750791352234,112.3935141264535,60752.07290349091
성북구,2024-09,194,2697.983741545794,112.86294350852788,83692.45862249854
성북구,2024-10,77,307.55215916037196,101.20374016521609,64277.93398515329
성북구,2024-11,106,2922.834537939054,96.73057705283114,40169.896231202896
송파구,2023-01,86,2629.425121789277,78.4619726902836,27272.17632176714
송파구,2023-02,361,2523.7405920924502,97.49910074543804,73206.46341523314
송파구,2023-03,221,1911.1016206029308,109.55860665046914,77760.55975366471
송파구,2023-04,81,2808.2064341970545,57.526211184104895,11616.749151840126
송파구,2023-05,51,580.3146525065933,115.53060333778203,83277.84826124196
송파구,2023-06,38,1390.892076934513,45.87197265080925,36329.72363812207
송파구,2023-07,315,1684.4940568427492,58.371235117850034,88711.37988662366
송파구,2023-08,150,1054.5377977715552,86.96819953716243,21284.98125536173
송파구,2023-09,352,1270.6131760704748,115.96578365082537,64837.73979549399
송파구,2023-10,382,2532.3882761708587,104.03838112236015,29962.61744222496
송파구,2023-11,347,1411.3152169884643,71.07067137379005,34532.04037130266
송파구,2023-12,141,1191.9733400303892,54.39170795294298,49168.9444590631
송파구,2024-01,137,473.43101610984695,62.15669335179829,77404.5436559296
송파구,2024-02,46,2249.5403803318254,69.27922388253916,25064.416667604404
송파구,2024-03,212,913.5144611461982,78.5151376398601,13871.049751332457
송파구,2024-04,105,469.190421575795,99.03836222367079,49299.42505125882
송파구,2024-05,289,717.7319553291992,76.09452349599866,92746.20197103429
송파구,2024-06,142,363.50997694566246,107.3626323564619,51132.75579278534
송파구,2024-07,35,1835.8965887387556,74.59439037121354,77060.93705632874
송파구,2024-08,197,298.00630009650854,84.61505643303329,53404.65063035796
송파구,2024-09,113,690.1741056760844,89.86757958661198,73080.88179895771
송파구,2024-10,176,125.4087652566471,100.55825899867406,85905.26909330148
송파구,2024-11,316,2251.1577567519034,51.851838310933104,40988.78453155453
양천구,2023-01,344,1161.3021178921592,53.140912046739324,61887.00337133695
양천구,2023-02,312,1278.7479966118758,94.15354727084183,13986.864187742152
양천구,2023-03,365,515.4623303192363,91.59891024264186,91387.00720802462
양천구,2023-04,386,2604.5357193861914,98.00469850190751,37457.39919200795
양천구,2023-05,352,984.3090791248109,73.72036750768527,42623.92995678232
양천구,2023-06,200,1279.8341282169913,44.25148965401541,17023.676405386952
양천구,2023-07,264,1280.4878697002657,40.49981728615273,32544.955771965946
양천구,2023-08,306,2837.8896534266855,108.93288174931949,53370.48535525278
양천구,2023-09,204,468.4466361877083,71.28834716102534,8397.61359203496
양천구,2023-10,248,1022.4622113410563,51.18219649460059,26195.774461643363
양천구,2023-11,367,1162.8764703502584,90.60745216795534,77602.12185643484
양천구,2023-12,213,1404.6034741587562,54.55200775497146,10357.022165652867
양천구,2024-01,45,571.2243585379812,62.889281689953876,93642.09334978375
양천구,2024-02,47,412.3317045007579,46.61812061194631,22147.03124566516
양천구,2024-03,152,970.7291164092657,56.02952590072491,33304.32689713284
양천구,2024-04,178,539.4327340776367,59.28626444963314,71655.13110150695
양천구,2024-05,196,571.3510146784774,44.20660494575004,20208.091758455746
양천구,2024-06,382,1413.741082721689,75.14141686597746,41800.90779902704
양천구,2024-07,346,2097.5270247974317,77.86444685826244,14021.997355497064
양천구,2024-08,46,2658.253394916277,89.38613093557747,23316.56816176523
양천구,2024-09,78,1260.402534934963,112.89733800036602,9816.558112356845
양천구,2024-10,35,1070.6013061553517,113.06741870117409,27337.19400129041
양천구,2024-11,186,1789.6786290416856,103.76223884499144,19585.42274337822
영등포구,2023-01,106,1106.3767716818409,75.99859295374756,52625.77763864777
영등포구,2023-02,314,720.560981983076,77.19465034114626,91590.90192642108
영등포구,2023-03,323,1444.7311433913235,48.715100928066455,38416.968887441806
영등포구,2023-04,105,1695.6638518948255,89.4154187722009,27333.859580049113
영등포구,2023-05,126,2237.3529879197517,97.61125594163582,87922.88406342526
영등포구,2023-06,94,1878.1124634330026,105.42695271154626,8265.505778532073
영등포구,2023-07,53,2970.12202540257,87.47282797131987,45345.777039412045
영등포구,2023-08,36,2070.4942519463502,85.59646091809606,79819.17246991466
영등포구,2023-09,133,1892.822326796066,82.17017277834736,5354.125286074524
영등포구,2023-10,380,2356.4842958554464,110.97309795294248,30023.555228249577
영등포구,2023-11,249,2650.6625870477937,64.85044832852648,61383.20233147852
영등포구,2023-12,64,1458.492585846307,85.84951102126033,72669.46174496143
영등포구,2024-01,191,1566.411207508305,91.80794498487519,23196.7306474087
영등포구,2024-02,107,1077.6589744906876,99.06901550273713,45822.46559118939
영등포구,2024-03,320,2171.5107344156986,111.82684553783807,85605.99237946884
영등포구,2024-04,78,1195.0685240623645,118.26610482652119,96206.5792657315
영등포구,2024-05,341,484.18054067980506,90.6060193562085,64339.43138613944
영등포구,2024-06,117,1122.0403225990012,45.302493908546325,72994.64580017499
영등포구,2024-07,390,431.65265283019306,62.93491689940883,74122.81341165668
영등포구,2024-08,37,2207.1589152653783,60.52161601046517,41887.92555946531
영등포구,2024-09,161,2723.875125967189,78.89992391993998,96352.52944408785
영등포구,2024-10,104,242.05313178492958,78.65714660920364,37760.37701304471
영등포구,2024-11,84,2268.4905088010096,83.83660894863003,56875.18323542553
용산구,2023-01,325,666.5185010705544,117.86011235649514,12102.70260929763
용산구,2023-02,109,2447.8113210494253,106.31928858430884,20520.892526908217
용산구,2023-03,105,1525.136333752277,100.89317832644923,93272.63520303533
용산구,2023-04,228,1214.4044679835652,118.84069200482854,7485.44938869018
용산구,2023-05,271,2138.7535952370354,42.65856493559588,9423.560801192016
용산구,2023-06,41,1105.7734036078607,44.477706148947256,23964.114328014686
용산구,2023-07,324,2552.921646895676,109.67227811290431,6949.379007295709
용산구,2023-08,42,507.6612716487634,115.10204410288941,77767.5926356827
용산구,2023-09,248,421.896859873117,59.16910717351193,51596.08636821528
용산구,2023-10,339,1180.5538358471515,91.86771958823775,61895.97103472477
용산구,2023-11,231,2320.6267875477106,86.32122810932859,25930.91807603684
용산구,2023-12,126,617.3147013469575,53.773466352910106,73980.65568990943
용산구,2024-01,345,2302.9143397400617,42.67889206139982,42986.000687341875
용산구,2024-02,395,2406.1937316496383,100.04940840313313,31097.33295744959
용산구,2024-03,152,1631.8946789671804,49.83039535511993,82511.36646719673
용산구,2024-04,201,1639.7928168791054,119.07169992141452,36284.72122575664
용산구,2024-05,280,1481.4596116590042,50.98924191255599,69385.96399973883
용산구,2024-06,186,2437.3188643178532,73.76422301559141,44252.7492139481
용산구,2024-07,145,300.8553813577334,88.8742464697005,95566.21731433549
용산구,2024-08,82,1102.1114820153705,53.460581498921115,88681.22768158959
용산구,2024-09,112,2572.0762775453227,118.81802328378795,57269.63467927521
용산구,2024-10,171,2219.450023380491,95.87920846711951,29445.08366796068
용산구,2024-11,303,2023.705811182681,114.47545057900743,52467.698609217965
은평구,2023-01,386,842.8362825580737,84.14817544300499,12133.351659432694
은평구,2023-02,249,1922.1616592167125,52.37889288049822,85098.68838232772
은평구,2023-03,224,1743.6941974786218,103.46918469679949,39545.90275646423
은평구,2023-04,122,2715.497457755559,61.45626028599843,52320.42822335475
은평구,2023-05,335,1164.7975561342605,109.63227417489848,21188.424645345105
은평구,2023-06,365,2674.8223960135842,41.22435407028667,95047.36455617078
은평구,2023-07,181,225.26847430884544,108.80342462839202,49719.036364192754
은평구,2023-08,213,1709.3502934791527,47.75189531564867,86095.8962853891
은평구,2023-09,183,2748.8606158352477,47.53846637816152,10769.215966185737
은평구,2023-10,54,2260.749198892972,75.81389430070902,77176.1498350702
은평구,2023-11,398,1570.6221820612839,40.25594010892155,51242.70610415069
은평구,2023-12,84,1036.6773768055684,116.43025549250619,55656.88159833978
은평구,2024-01,350,2810.773665902196,113.01276027925668,42904.679492793715
은평구,2024-02,255,2140.111260244985,65.08974636322597,49796.0824469476
은평구,2024-03,230,1207.8258543241723,119.38863059550198,57728.294626529474
은평구,2024-04,192,718.1677993913205,72.28024225612032,49762.51229633384
은평구,2024-05,160,301.8141738796228,65.36541578547778,56764.753634987195
은평구,2024-06,140,1333.2868953630277,80.02220904840364,56603.33256891783
은평구,2024-07,139,1085.2882449474391,79.67222953140796,47618.04077335808
은평구,2024-08,232,1647.8343254402873,100.64610018250058,60051.19843402661
은평구,2024-09,301,2781.439799088947,52.90038587868102,5441.226217941812
은평구,2024-10,301,1355.2984548710504,58.91490762688187,77604.55442981473
은평구,2024-11,229,1028.9851936792138,101.57629051212687,76371.67213447648
종로구,2023-01,259,2733.391865403523,41.27120926309753,11463.544530127148
종로구,2023-02,389,1125.225165039517,118.92179162580338,25559.208640593406
종로구,2023-03,241,1737.399901493216,108.56296257938462,12429.360988340028
종로구,2023-04,43,2770.970539550246,42.09941349181812,55469.64489213548
종로구,2023-05,31,1078.1164303673559,113.4944881485753,46951.403638800664
종로구,2023-06,283,199.9968190026713,119.01564049919631,67734.772385775
종로구,2023-07,364,1403.5416453220446,114.14511085440958,93350.73155930209
종로구,2023-08,307,2199.1110287772035,71.5893012980292,41836.735324973124
종로구,2023-09,286,2286.349182482133,57.215418587231085,35818.997117747655
종로구,2023-10,232,231.72933401276043,85.05775564855024,40064.138769385594
종로구,2023-11,124,1815.7090387348255,72.67671758514723,12454.022182379864
종로구,2023-12,216,359.0474491992891,67.71993556181212,99498.80020530566
종로구,2024-01,338,932.0650292685019,94.16544571475055,75615.18098541134
종로구,2024-02,336,102.91229915241826,81.19526168106856,41205.22873701365
종로구,2024-03,316,2286.658366229059,80.32247354451005,17228.14408243075
종로구,2024-04,184,1500.4236204871247,98.5988751164927,20785.686670396793
종로구,2024-05,157,548.780788002905,101.44652903138348,14264.572370867347
종로구,2024-06,99,1859.8674742485427,101.89574212298503,7694.623793097617
종로구,2024-07,316,284.6567687231312,102.62889698852025,62380.73050106895
종로구,2024-08,223,1577.1834933818786,49.77391872442829,66123.01225453007
종로구,2024-09,318,2023.179197846384,112.00065355914401,65657.2368268228
종로구,2024-10,113,1026.0657160936896,68.55733012531516,37889.64038427334
종로구,2024-11,161,1516.7023331881026,51.91119335772385,49367.03738597414
중구,2023-01,157,1285.8128865882857,40.33585982724156,30742.489806981124
중구,2023-02,96,1191.1648124861017,113.42186008064388,49924.325619354015
중구,2023-03,64,962.0872492424419,76.12816944594661,65198.22418584335
중구,2023-04,349,2006.2521467832391,63.08818887265012,51007.80393851363
중구,2023-05,62,2322.6310284937076,92.26179076856445,94790.8235834303
중구,2023-06,330,2015.1141610096486,111.47585016514233,90947.53745359571
중구,2023-07,287,1039.1782050269812,55.73186030134144,34348.86295729957
중구,2023-08,301,2585.8837840890033,80.47438687631711,45347.746802325164
중구,2023-09,350,466.81184892347954,82.07218459823456,35896.38595263015
중구,2023-10,149,2613.42447543155,44.070778720749686,19641.588500201044
중구,2023-11,139,2527.375295958832,105.61520028308747,86231.02501169842
중구,2023-12,318,1722.6947886807475,112.41133355608643,32411.95667767753
중구,2024-01,351,1955.3285110000284,109.4459509140519,97744.71715329927
중구,2024-02,269,1546.3061823266844,104.24480369641049,40450.964262497386
중구,2024-03,102,1931.3458102414295,53.85120793126954,47429.92772460091
중구,2024-04,312,683.9037052501337,49.9598244251844,15597.69397100337
중구,2024-05,49,543.1997756476469,55.59354940693032,24842.155197909084
중구,2024-06,288,977.2796696707601,99.65603981187124,20711.697459275303
중구,2024-07,44,2211.287728495836,85.09470670721831,63101.10005100927
중구,2024-08,326,2012.4489574674567,69.5354206957191,71508.39194658179
중구,2024-09,239,2840.3404162499,68.49364387749296,92766.4364710681
중구,2024-10,37,2515.0175659958395,83.68667495086797,48175.818392448666
중구,2024-11,338,894.8396082028985,115.54908730244124,84519.19214408552
중랑구,2023-01,219,2237.1413953351635,89.78731706336015,48484.30560765466
중랑구,2023-02,314,983.2629731290554,87.72758021733569,46264.88460540988
중랑구,2023-03,270,2544.2821280008484,41.34999236318077,24333.291226738664
중랑구,2023-04,233,1701.5134723042513,46.906661124188616,43705.8049383092
중랑구,2023-05,318,871.211736102622,63.48294240271821,71432.73527383483
중랑구,2023-06,288,1434.7586958446534,74.05277822704906,72009.54872468166
중랑구,2023-07,361,2624.2743951805096,78.49169211317384,59561.11018885547
중랑구,2023-08,221,2188.3605869441626,73.17550326722392,49353.297675483016
중랑구,2023-09,249,2410.9040960888224,54.040336251503376,10573.449723517206
중랑구,2023-10,46,1255.9837299748342,65.70751521821279,24242.000974182127
중랑구,2023-11,321,2047.2124383809232,116.73746630839128,74545.19767444403
중랑구,2023-12,256,1536.0516516787745,77.12567579681848,38748.51925041517
중랑구,2024-01,272,2272.3418633601964,107.08940617614545,29090.14202032004
중랑구,2024-02,222,1309.820289686478,97.69610052220405,52341.54782792577
중랑구,2024-03,335,1758.7742837957105,76.2099449079141,43051.96728633945
중랑구,2024-04,75,2540.9032901114883,85.27421277914115,17316.922419646326
중랑구,2024-05,173,218.4735233926449,111.70719721724078,76220.93151729793
중랑구,2024-06,168,797.3860414631486,61.64637652614525,51003.71372498857
중랑구,2024-07,241,806.6199356035664,98.6801998790849,83798.16832305325
중랑구,2024-08,174,1558.8993936732275,74.24447382365257,69685.76743408038
중랑구,2024-09,207,2282.7307621866867,109.38185757673541,67294.45045797882
중랑구,2024-10,53,2142.4777407811644,49.11502163384054,99339.0615167881
중랑구,2024-11,375,2271.8321655511922,90.2755096106352,6519.242050249771
